Timestamp,Open,High,Low,Close,Volume,IsFilled
2024-01-01T22:00:00,1.10454,1.104595,1.10444,1.1045,715.0099977850914,False
2024-01-01T22:30:00,1.104505,1.104505,1.104345,1.104455,1248.1499987468123,False
2024-01-01T23:00:00,1.104495,1.104495,1.1037249999999998,1.1037750000000002,2415.3299724385142,False
2024-01-01T23:30:00,1.10378,1.1038450000000002,1.10358,1.1036700000000002,2871.849973320961,False
2024-01-02T00:00:00,1.10368,1.10381,1.1034350000000002,1.103485,4430.54997190088,False
2024-01-02T00:30:00,1.103475,1.10384,1.103465,1.1038299999999999,3933.2199779450893,False
2024-01-02T01:00:00,1.103815,1.1043349999999998,1.10377,1.10395,7780.9099350348115,False
2024-01-02T01:30:00,1.103955,1.1040100000000002,1.10343,1.1034899999999999,7055.809952810407,False
2024-01-02T02:00:00,1.103485,1.1035949999999999,1.10263,1.10263,4963.429968908429,False
2024-01-02T02:30:00,1.102655,1.1026850000000001,1.101835,1.101885,9521.849911570549,False
2024-01-02T03:00:00,1.10189,1.102405,1.101775,1.1021450000000002,6411.699956409633,False
2024-01-02T03:30:00,1.102165,1.10249,1.1020750000000001,1.10246,4443.0699643194675,False
2024-01-02T04:00:00,1.102465,1.10251,1.1019299999999999,1.101935,4181.569970592856,False
2024-01-02T04:30:00,1.10195,1.10212,1.1016650000000001,1.1020949999999998,7293.909981422126,False
2024-01-02T05:00:00,1.102105,1.10283,1.1020949999999998,1.102665,5239.779961749911,False
2024-01-02T05:30:00,1.10266,1.103375,1.10266,1.1033499999999998,5860.14995983243,False
2024-01-02T06:00:00,1.10336,1.1034350000000002,1.103015,1.10321,5123.499959945679,False
2024-01-02T06:30:00,1.103215,1.1035249999999999,1.1026950000000002,1.102875,6502.939954385161,False
2024-01-02T07:00:00,1.10287,1.103775,1.102475,1.10373,11275.209910020232,False
2024-01-02T07:30:00,1.10372,1.10381,1.101525,1.10155,21979.43991752714,False
2024-01-02T08:00:00,1.1015700000000002,1.103885,1.1015700000000002,1.1029,23071.669873684645,False
2024-01-02T08:30:00,1.1028950000000002,1.1033050000000002,1.102545,1.10297,19806.199884042144,False
2024-01-02T09:00:00,1.1029749999999998,1.1038000000000001,1.1029049999999998,1.103335,17721.79991182685,False
2024-01-02T09:30:00,1.1033300000000001,1.103515,1.1010900000000001,1.10151,17426.859917387366,False
2024-01-02T10:00:00,1.101495,1.101705,1.099715,1.1004,20870.19992402196,False
2024-01-02T10:30:00,1.100385,1.1011250000000001,1.10029,1.10076,14868.10997184366,False
2024-01-02T11:00:00,1.100765,1.1007799999999999,1.097855,1.098055,24954.279891505837,False
2024-01-02T11:30:00,1.0980400000000001,1.0980400000000001,1.096665,1.096915,19494.539923653007,False
2024-01-02T12:00:00,1.09692,1.097185,1.0961400000000001,1.096565,11977.77993824333,False
2024-01-02T12:30:00,1.0965600000000002,1.09681,1.09538,1.0953849999999998,17365.519920364022,False
2024-01-02T13:00:00,1.09539,1.096215,1.095205,1.0958,20106.069919876754,False
2024-01-02T13:30:00,1.0958100000000002,1.096505,1.094945,1.095275,20418.779896751046,False
2024-01-02T14:00:00,1.09527,1.095745,1.09449,1.09521,18661.279894001782,False
2024-01-02T14:30:00,1.09519,1.0964,1.0951300000000002,1.09632,33011.6699501276,False
2024-01-02T15:00:00,1.096325,1.096825,1.0953249999999999,1.095955,30665.929997727275,False
2024-01-02T15:30:00,1.09595,1.09595,1.0941100000000001,1.094355,27423.959914445877,False
2024-01-02T16:00:00,1.094365,1.0961750000000001,1.09409,1.0957949999999999,16217.289966210723,False
2024-01-02T16:30:00,1.09578,1.0957949999999999,1.094455,1.09565,13487.599961914122,False
2024-01-02T17:00:00,1.09566,1.0957599999999998,1.094605,1.0953499999999998,11849.889959938824,False
2024-01-02T17:30:00,1.09534,1.095605,1.0946850000000001,1.095055,11917.159971222281,False
2024-01-02T18:00:00,1.09505,1.0956000000000001,1.09478,1.09545,7666.969991192222,False
2024-01-02T18:30:00,1.0954549999999998,1.0955050000000002,1.0946349999999998,1.0946850000000001,9562.669922940433,False
2024-01-02T19:00:00,1.0946799999999999,1.0949900000000001,1.094295,1.09496,7543.259962238371,False
2024-01-02T19:30:00,1.094945,1.0950199999999999,1.09451,1.094665,7447.929984763265,False
2024-01-02T20:00:00,1.09466,1.095125,1.09457,1.094605,7334.469965279102,False
2024-01-02T20:30:00,1.094625,1.094875,1.09423,1.09432,10474.599938422441,False
2024-01-02T21:00:00,1.094315,1.094325,1.093845,1.093845,4497.069961026311,False
2024-01-02T21:30:00,1.09385,1.0942500000000002,1.09385,1.094125,4031.38997220248,False
2024-01-02T22:00:00,1.094195,1.094515,1.0940699999999999,1.09414,1407.4099873304367,False
2024-01-02T22:30:00,1.094145,1.0943399999999999,1.0939800000000002,1.094145,3613.449997328222,False
2024-01-02T23:00:00,1.094155,1.09439,1.094125,1.094315,2399.4299832358956,False
2024-01-02T23:30:00,1.0943100000000001,1.094365,1.094115,1.094175,2003.319988667965,False
2024-01-03T00:00:00,1.0941800000000002,1.09489,1.0941299999999998,1.094885,2897.8400050103664,False
2024-01-03T00:30:00,1.09489,1.095065,1.0948250000000002,1.0949499999999999,5013.400011301041,False
2024-01-03T01:00:00,1.094945,1.095125,1.094495,1.095075,5124.34998267144,False
2024-01-03T01:30:00,1.095085,1.095485,1.09503,1.095145,7439.240021280944,False
2024-01-03T02:00:00,1.0951499999999998,1.0953149999999998,1.09487,1.0948950000000002,4515.639982625842,False
2024-01-03T02:30:00,1.0949849999999999,1.0953149999999998,1.09489,1.09524,3404.9399987384677,False
2024-01-03T03:00:00,1.0952350000000002,1.0954700000000002,1.0948950000000002,1.095345,4254.829985834658,False
2024-01-03T03:30:00,1.0953499999999998,1.09623,1.09534,1.096095,5395.589999482036,False
2024-01-03T04:00:00,1.0960800000000002,1.0962450000000001,1.0959750000000001,1.09605,3657.0999848991632,False
2024-01-03T04:30:00,1.0960450000000002,1.0962550000000002,1.095895,1.0962399999999999,3389.4499944001436,False
2024-01-03T05:00:00,1.09625,1.096285,1.09588,1.095885,3717.849998243153,False
2024-01-03T05:30:00,1.0958700000000001,1.09611,1.095135,1.095135,5797.619964629412,False
2024-01-03T06:00:00,1.0951300000000002,1.09584,1.09512,1.0957750000000002,6130.249993644655,False
2024-01-03T06:30:00,1.09577,1.096085,1.0957400000000002,1.095875,4752.130013465881,False
2024-01-03T07:00:00,1.095855,1.0959949999999998,1.095155,1.095765,15534.240065157413,False
2024-01-03T07:30:00,1.0957599999999998,1.0962800000000001,1.095545,1.0960450000000002,10657.739988937974,False
2024-01-03T08:00:00,1.09604,1.0965449999999999,1.095055,1.0952950000000001,18734.199980206788,False
2024-01-03T08:30:00,1.0953,1.09579,1.09504,1.095275,20774.079994626343,False
2024-01-03T09:00:00,1.09527,1.0956299999999999,1.09362,1.09389,14857.499949038029,False
2024-01-03T09:30:00,1.093885,1.09444,1.0934949999999999,1.093635,12861.159993089736,False
2024-01-03T10:00:00,1.09363,1.0939100000000002,1.092915,1.0929600000000002,9934.079971447587,False
2024-01-03T10:30:00,1.092955,1.093435,1.092625,1.0928049999999998,10280.34996355325,False
2024-01-03T11:00:00,1.09281,1.0929799999999998,1.09211,1.092295,13228.469933666289,False
2024-01-03T11:30:00,1.09229,1.09236,1.0915599999999999,1.09196,14365.3099443838,False
2024-01-03T12:00:00,1.091965,1.0932149999999998,1.091775,1.092635,13025.859959378839,False
2024-01-03T12:30:00,1.09263,1.092825,1.091465,1.0916899999999998,15282.279948070645,False
2024-01-03T13:00:00,1.091685,1.092235,1.0910250000000001,1.09211,24843.01992456615,False
2024-01-03T13:30:00,1.0920999999999998,1.0930149999999998,1.09157,1.092165,34190.20986343175,False
2024-01-03T14:00:00,1.0921699999999999,1.0924200000000002,1.0911149999999998,1.09155,25146.67993634194,False
2024-01-03T14:30:00,1.091545,1.09266,1.090995,1.091855,30176.00988715142,False
2024-01-03T15:00:00,1.091825,1.093865,1.09104,1.091545,58851.30978245288,False
2024-01-03T15:30:00,1.0915249999999999,1.091885,1.089815,1.090455,42838.43987450749,False
2024-01-03T16:00:00,1.090465,1.0918299999999999,1.090275,1.0912899999999999,27723.71990890056,False
2024-01-03T16:30:00,1.091305,1.0915650000000001,1.090675,1.0908250000000002,18682.75992012024,False
2024-01-03T17:00:00,1.09082,1.09098,1.0903749999999999,1.09091,14514.239940851927,False
2024-01-03T17:30:00,1.0909049999999998,1.0910199999999999,1.090335,1.09067,11728.799931518734,False
2024-01-03T18:00:00,1.090665,1.0914899999999998,1.09066,1.091065,15476.509902097285,False
2024-01-03T18:30:00,1.09104,1.09104,1.090275,1.0906,12925.919928885996,False
2024-01-03T19:00:00,1.090605,1.09239,1.089305,1.09226,38971.90978041291,False
2024-01-03T19:30:00,1.092295,1.0925799999999999,1.091445,1.091765,30184.93989495933,False
2024-01-03T20:00:00,1.09178,1.0923349999999998,1.091505,1.09178,16602.559927918017,False
2024-01-03T20:30:00,1.09179,1.0922299999999998,1.0916649999999999,1.0921349999999999,14788.099930666387,False
2024-01-03T21:00:00,1.09212,1.0923699999999998,1.091885,1.09229,3042.7999766021967,False
2024-01-03T21:30:00,1.092305,1.092305,1.0918999999999999,1.09212,4129.209958039224,False
2024-01-03T22:00:00,1.092125,1.09231,1.09178,1.0920800000000002,1916.0199936628342,False
2024-01-03T22:30:00,1.09209,1.092215,1.0920299999999998,1.092155,5902.589997932315,False
2024-01-03T23:00:00,1.09216,1.0925799999999999,1.09216,1.09246,2338.609982468188,False
2024-01-03T23:30:00,1.0924399999999999,1.09277,1.092395,1.092605,3717.199979349971,False
2024-01-04T00:00:00,1.09261,1.0926749999999998,1.09213,1.0925449999999999,5380.069956995547,False
2024-01-04T00:30:00,1.0925500000000001,1.0925850000000001,1.09195,1.09226,5976.449952058494,False
2024-01-04T01:00:00,1.09225,1.0924200000000002,1.0919050000000001,1.09193,4952.769959151745,False
2024-01-04T01:30:00,1.09192,1.09199,1.09164,1.09179,6658.34994867444,False
2024-01-04T02:00:00,1.091785,1.0919050000000001,1.09161,1.0918450000000002,5188.139959610999,False
2024-01-04T02:30:00,1.09184,1.092005,1.0917599999999998,1.091945,3511.9599762633443,False
2024-01-04T03:00:00,1.0919500000000002,1.0927099999999998,1.0919500000000002,1.092675,6159.389967307448,False
2024-01-04T03:30:00,1.09267,1.09308,1.09254,1.092625,5435.819962412119,False
2024-01-04T04:00:00,1.09263,1.0927449999999999,1.0924800000000001,1.09253,4689.13997964561,False
2024-01-04T04:30:00,1.0925349999999998,1.0928650000000002,1.092505,1.0926,5428.259985670447,False
2024-01-04T05:00:00,1.0926049999999998,1.0926049999999998,1.092295,1.0923500000000002,6717.209967672825,False
2024-01-04T05:30:00,1.09236,1.092695,1.0922049999999999,1.09267,5609.599966660142,False
2024-01-04T06:00:00,1.09266,1.0934750000000002,1.09266,1.09317,9868.42995480448,False
2024-01-04T06:30:00,1.093165,1.09326,1.092105,1.0932499999999998,12550.39991272986,False
2024-01-04T07:00:00,1.093245,1.093785,1.0929600000000002,1.0933199999999998,16883.60992280394,False
2024-01-04T07:30:00,1.09331,1.0943800000000001,1.09327,1.0937700000000001,17849.769908092916,False
2024-01-04T08:00:00,1.0937649999999999,1.094885,1.0934599999999999,1.09426,21479.499872125685,False
2024-01-04T08:30:00,1.09428,1.0956000000000001,1.0937199999999998,1.09534,24715.209867686033,False
2024-01-04T09:00:00,1.095335,1.0957949999999999,1.0945399999999998,1.095695,23502.329904019833,False
2024-01-04T09:30:00,1.0957050000000002,1.096915,1.09562,1.096765,18347.839918501675,False
2024-01-04T10:00:00,1.0967699999999998,1.09722,1.09593,1.09609,15790.349934883416,False
2024-01-04T10:30:00,1.09611,1.096495,1.095445,1.0955599999999999,12683.739942088723,False
2024-01-04T11:00:00,1.09557,1.09571,1.09497,1.0954899999999999,9224.309970676899,False
2024-01-04T11:30:00,1.095495,1.09579,1.09463,1.0948,9188.549959659576,False
2024-01-04T12:00:00,1.094775,1.09551,1.09469,1.09544,11185.049949198961,False
2024-01-04T12:30:00,1.0954350000000002,1.0955849999999998,1.09505,1.09524,9682.189943008125,False
2024-01-04T13:00:00,1.0952449999999998,1.095535,1.094495,1.0948449999999998,22808.82987715304,False
2024-01-04T13:30:00,1.09484,1.09498,1.0932849999999998,1.0947149999999999,36388.57983894646,False
2024-01-04T14:00:00,1.09471,1.0950600000000001,1.09394,1.0942850000000002,25718.289886176586,False
2024-01-04T14:30:00,1.094295,1.094765,1.0938249999999998,1.0945399999999998,27129.06988605112,False
2024-01-04T15:00:00,1.094535,1.0965150000000001,1.094535,1.09646,26596.319884344935,False
2024-01-04T15:30:00,1.0964649999999998,1.09653,1.095335,1.0955149999999998,27343.139886029065,False
2024-01-04T16:00:00,1.0955249999999999,1.096395,1.0954350000000002,1.09598,20257.97991719097,False
2024-01-04T16:30:00,1.0959750000000001,1.0961699999999999,1.095495,1.095605,14251.399920552969,False
2024-01-04T17:00:00,1.095615,1.09598,1.09455,1.0945900000000002,11368.679943621159,False
2024-01-04T17:30:00,1.094595,1.09505,1.0941999999999998,1.09505,9394.289953254163,False
2024-01-04T18:00:00,1.095045,1.09544,1.09493,1.094945,9115.509955234826,False
2024-01-04T18:30:00,1.09496,1.095125,1.094605,1.0947,8867.599970005453,False
2024-01-04T19:00:00,1.0947200000000001,1.09477,1.0943450000000001,1.0944500000000001,6717.369961582124,False
2024-01-04T19:30:00,1.094455,1.0949849999999999,1.09436,1.094705,6492.559973925352,False
2024-01-04T20:00:00,1.0947,1.09477,1.09432,1.09449,10255.289942733943,False
2024-01-04T20:30:00,1.094495,1.094925,1.09439,1.0949200000000001,9930.099974423647,False
2024-01-04T21:00:00,1.0949149999999999,1.095005,1.0947049999999998,1.094785,4422.859981387854,False
2024-01-04T21:30:00,1.0947900000000002,1.094845,1.0943800000000001,1.09444,6171.359974831343,False
2024-01-04T22:00:00,1.09451,1.094945,1.09448,1.0946799999999999,2600.2499877661467,False
2024-01-04T22:30:00,1.094695,1.0950250000000001,1.09463,1.094735,4737.849964521825,False
2024-01-04T23:00:00,1.0946850000000001,1.0948950000000002,1.09443,1.0944349999999998,1712.0199858397245,False
2024-01-04T23:30:00,1.09443,1.094705,1.0943299999999998,1.0946349999999998,2266.6499711871147,False
2024-01-05T00:00:00,1.09462,1.09504,1.094445,1.09494,3400.32997995615,False
2024-01-05T00:30:00,1.094945,1.0951499999999998,1.094815,1.09509,3718.249992094934,False
2024-01-05T01:00:00,1.095085,1.0955249999999999,1.0950250000000001,1.0951849999999999,7155.159970633686,False
2024-01-05T01:30:00,1.09519,1.0955949999999999,1.09504,1.0951650000000002,11338.209938757122,False
2024-01-05T02:00:00,1.09517,1.09543,1.0950799999999998,1.0952250000000001,5877.5599950402975,False
2024-01-05T02:30:00,1.0952350000000002,1.0952350000000002,1.09467,1.0947,6547.219963721931,False
2024-01-05T03:00:00,1.0946950000000002,1.0947399999999998,1.09408,1.0940949999999998,5999.439970918,False
2024-01-05T03:30:00,1.0941,1.09421,1.09392,1.093925,5792.089958310127,False
2024-01-05T04:00:00,1.0939299999999998,1.0940850000000002,1.093775,1.093985,3826.4899836853147,False
2024-01-05T04:30:00,1.09399,1.0941299999999998,1.09365,1.093725,3515.769979685545,False
2024-01-05T05:00:00,1.0937299999999999,1.09376,1.0934249999999999,1.0935350000000001,5577.339970730245,False
2024-01-05T05:30:00,1.09356,1.093815,1.0934750000000002,1.0937549999999998,5910.509963318706,False
2024-01-05T06:00:00,1.09375,1.09375,1.092765,1.0928849999999999,7270.289943270385,False
2024-01-05T06:30:00,1.09288,1.092915,1.09249,1.0927799999999999,7126.13995603472,False
2024-01-07T22:00:00,1.09462,1.094655,1.094295,1.0944500000000001,2081.0899834036827,False
2024-01-07T22:30:00,1.09447,1.094525,1.09433,1.094445,798.9799936413765,False
2024-01-07T23:00:00,1.094455,1.094605,1.09356,1.09358,3421.179977245629,False
2024-01-07T23:30:00,1.093575,1.094205,1.0934949999999999,1.09416,2565.7299915626645,False
2024-01-08T00:00:00,1.094135,1.0946799999999999,1.0940349999999999,1.0946349999999998,3408.759980522096,False
2024-01-08T00:30:00,1.094595,1.09493,1.0945049999999998,1.0948600000000002,3460.1699697822332,False
2024-01-08T01:00:00,1.09485,1.09523,1.0947049999999998,1.095065,5102.999968804419,False
2024-01-08T01:30:00,1.0950600000000001,1.0953149999999998,1.0947200000000001,1.094805,5139.579956129193,False
2024-01-08T02:00:00,1.094795,1.094795,1.094255,1.09426,4475.069959409535,False
2024-01-08T02:30:00,1.094255,1.094265,1.0936050000000002,1.0937299999999999,5968.289953224361,False
2024-01-08T03:00:00,1.0937199999999998,1.0939299999999998,1.09356,1.0937549999999998,4687.249948956072,False
2024-01-08T03:30:00,1.0937450000000002,1.0937450000000002,1.0931549999999999,1.093305,3908.1699743419886,False
2024-01-08T04:00:00,1.093295,1.093615,1.0930749999999998,1.0936050000000002,3368.5699688121676,False
2024-01-08T04:30:00,1.09361,1.093725,1.0933950000000001,1.0934149999999998,3596.1299706697464,False
2024-01-08T05:00:00,1.093435,1.0936599999999999,1.0933000000000002,1.0936050000000002,3315.619970880449,False
2024-01-08T05:30:00,1.093575,1.0937549999999998,1.0932149999999998,1.0937549999999998,4751.279953181744,False
2024-01-08T06:00:00,1.09374,1.0943749999999999,1.093645,1.094335,5070.169956617057,False
2024-01-08T06:30:00,1.094325,1.0946799999999999,1.094055,1.094605,7059.959951482713,False
2024-01-08T07:00:00,1.0946150000000001,1.0952350000000002,1.0941999999999998,1.094655,12506.319908626378,False
2024-01-08T07:30:00,1.094675,1.094865,1.093955,1.09453,14175.929903678596,False
2024-01-08T08:00:00,1.094545,1.094545,1.092935,1.09324,24261.999850541353,False
2024-01-08T08:30:00,1.0932499999999998,1.093955,1.0931449999999998,1.093385,17942.52987175435,False
2024-01-08T09:00:00,1.093375,1.0934400000000002,1.0925,1.09266,14053.099907018244,False
2024-01-08T09:30:00,1.0926550000000002,1.0942500000000002,1.09227,1.0937100000000002,17046.76989107579,False
2024-01-08T10:00:00,1.093705,1.0941100000000001,1.093435,1.0937549999999998,16576.41989080608,False
2024-01-08T10:30:00,1.09376,1.0943550000000002,1.0936750000000002,1.094255,11385.66992342472,False
2024-01-08T11:00:00,1.0942500000000002,1.095075,1.09403,1.094255,12440.209921173751,False
2024-01-08T11:30:00,1.094245,1.0945049999999998,1.09369,1.0938050000000001,12615.069934345782,False
2024-01-08T12:00:00,1.093795,1.09482,1.09378,1.0942949999999998,13066.359936624765,False
2024-01-08T12:30:00,1.0943,1.0947049999999998,1.0937299999999999,1.09446,12520.439931094646,False
2024-01-08T13:00:00,1.094465,1.094935,1.0942699999999999,1.094855,18620.09991814941,False
2024-01-08T13:30:00,1.094875,1.0956299999999999,1.0947200000000001,1.095085,27227.459901571274,False
2024-01-08T14:00:00,1.095075,1.0959699999999999,1.0949499999999999,1.0955599999999999,25757.17987794429,False
2024-01-08T14:30:00,1.0955650000000001,1.0962749999999999,1.095345,1.09604,33533.26987378299,False
2024-01-08T15:00:00,1.0960299999999998,1.09718,1.0955300000000001,1.096935,22886.929856464267,False
2024-01-08T15:30:00,1.09694,1.0974650000000001,1.0964649999999998,1.096975,23526.239886790514,False
2024-01-08T16:00:00,1.09697,1.097885,1.09684,1.09731,22411.39988194406,False
2024-01-08T16:30:00,1.097315,1.09787,1.09718,1.09755,13443.749930873513,False
2024-01-08T17:00:00,1.097545,1.09789,1.096615,1.0967950000000002,11701.019920274615,False
2024-01-08T17:30:00,1.0968049999999998,1.0968049999999998,1.09626,1.0964749999999999,8723.709948025644,False
2024-01-08T18:00:00,1.09647,1.09657,1.0956549999999998,1.0957400000000002,6088.73995872587,False
2024-01-08T18:30:00,1.095745,1.0958,1.0948950000000002,1.095545,9638.889948166907,False
2024-01-08T19:00:00,1.09554,1.096015,1.095305,1.0957599999999998,11101.60992718488,False
2024-01-08T19:30:00,1.09577,1.09629,1.09577,1.096105,6627.949954070151,False
2024-01-08T20:00:00,1.09611,1.09611,1.0949550000000001,1.09531,8174.099954105914,False
2024-01-08T20:30:00,1.0953249999999999,1.095695,1.0951499999999998,1.09548,13383.779946766794,False
2024-01-08T21:00:00,1.095485,1.095645,1.0951499999999998,1.09517,3357.1099725812674,False
2024-01-08T21:30:00,1.095155,1.095195,1.09498,1.095015,4949.639955192804,False
2024-01-08T22:00:00,1.09504,1.095355,1.095005,1.095185,1303.7999910116196,False
2024-01-08T22:30:00,1.09519,1.0955300000000001,1.095,1.0951,3459.66997012496,False
2024-01-08T23:00:00,1.09514,1.095275,1.0949749999999998,1.095195,2288.5599870979786,False
2024-01-08T23:30:00,1.09516,1.095205,1.0949650000000002,1.0949849999999999,1417.3699890300632,False
2024-01-09T00:00:00,1.09498,1.0957599999999998,1.0949399999999998,1.095625,8097.389940477908,False
2024-01-09T00:30:00,1.09564,1.0959400000000001,1.09541,1.0955300000000001,6263.529960401356,False
2024-01-09T01:00:00,1.09551,1.09579,1.09523,1.09543,6810.309958204627,False
2024-01-09T01:30:00,1.0954350000000002,1.0961949999999998,1.095155,1.09616,8775.849966906011,False
2024-01-09T02:00:00,1.09616,1.09645,1.09609,1.09618,6311.7099621891975,False
2024-01-09T02:30:00,1.09619,1.0964800000000001,1.09607,1.0962800000000001,5057.239967696369,False
2024-01-09T03:00:00,1.0962999999999998,1.096635,1.096145,1.0963500000000002,4724.099954627454,False
2024-01-09T03:30:00,1.09636,1.0965349999999998,1.09609,1.0962800000000001,4862.139953881502,False
2024-01-09T04:00:00,1.096285,1.096305,1.09536,1.09538,3581.7299768701196,False
2024-01-09T04:30:00,1.0953849999999998,1.095895,1.0953849999999998,1.09562,4331.609964936972,False
2024-01-09T05:00:00,1.095615,1.095625,1.0949,1.0949650000000002,3307.1199689805508,False
2024-01-09T05:30:00,1.0949499999999999,1.09517,1.094815,1.0949749999999998,5028.759967751801,False
2024-01-09T06:00:00,1.09497,1.0955050000000002,1.0948099999999998,1.09516,7596.199941799045,False
2024-01-09T06:30:00,1.0951499999999998,1.0953050000000002,1.09489,1.09503,6424.569950632751,False
2024-01-09T07:00:00,1.0950250000000001,1.0959400000000001,1.0946250000000002,1.0958450000000002,12640.319908723235,False
2024-01-09T07:30:00,1.09584,1.096305,1.09554,1.095675,13821.359894260764,False
2024-01-09T08:00:00,1.095665,1.09568,1.0939,1.094055,17808.18988095969,False
2024-01-09T08:30:00,1.09408,1.0951849999999999,1.09408,1.09498,17369.419884853065,False
2024-01-09T09:00:00,1.0949900000000001,1.0950600000000001,1.0938050000000001,1.094065,17210.169906951487,False
2024-01-09T09:30:00,1.0940599999999998,1.09453,1.0939100000000002,1.09442,12703.259927026927,False
2024-01-09T10:00:00,1.0944150000000001,1.094815,1.093605,1.0946250000000002,13719.439929299057,False
2024-01-09T10:30:00,1.0946150000000001,1.0947399999999998,1.093255,1.09355,14413.72989565134,False
2024-01-09T11:00:00,1.0935549999999998,1.0936050000000002,1.0930300000000002,1.0934599999999999,11213.709918387234,False
2024-01-09T11:30:00,1.093455,1.0934650000000001,1.09288,1.09315,10159.159947611392,False
2024-01-09T12:00:00,1.09314,1.094155,1.0928900000000001,1.0939450000000002,13367.409929201007,False
2024-01-09T12:30:00,1.09395,1.094155,1.0929099999999998,1.09406,16581.519891396165,False
2024-01-09T13:00:00,1.0940699999999999,1.0946950000000002,1.093315,1.09361,18425.49988283217,False
2024-01-09T13:30:00,1.09363,1.094675,1.0933700000000002,1.094605,27064.229839645326,False
2024-01-09T14:00:00,1.0946099999999999,1.094755,1.0938050000000001,1.094265,22800.94987460226,False
2024-01-09T14:30:00,1.09426,1.095135,1.093995,1.094555,29789.929841928184,False
2024-01-09T15:00:00,1.09457,1.094675,1.093525,1.09372,21961.86986746639,False
2024-01-09T15:30:00,1.093715,1.0937350000000001,1.091765,1.09179,32420.529839374125,False
2024-01-09T16:00:00,1.09179,1.092825,1.09104,1.092615,27304.769889116287,False
2024-01-09T16:30:00,1.0926200000000001,1.0935199999999998,1.0922749999999999,1.09344,15268.909914046526,False
2024-01-09T17:00:00,1.0934599999999999,1.093905,1.093015,1.093785,12730.079938463867,False
2024-01-09T17:30:00,1.093795,1.093925,1.09334,1.0934050000000002,14729.939909696579,False
2024-01-09T18:00:00,1.09341,1.09401,1.0928149999999999,1.092825,16989.429925329983,False
2024-01-09T18:30:00,1.09283,1.0928550000000001,1.0922399999999999,1.0924200000000002,11760.409967198968,False
2024-01-09T19:00:00,1.09241,1.0928749999999998,1.09219,1.09227,11401.329955086112,False
2024-01-09T19:30:00,1.0922749999999999,1.092535,1.0920100000000001,1.09253,7873.529953740537,False
2024-01-09T20:00:00,1.0925349999999998,1.092975,1.09253,1.0928049999999998,14732.649949081242,False
2024-01-09T20:30:00,1.09281,1.0929600000000002,1.0925099999999999,1.0928,12392.389958575368,False
2024-01-09T21:00:00,1.09281,1.0930900000000001,1.092775,1.0929950000000002,4372.344986900687,False
2024-01-09T21:30:00,1.093,1.0931600000000001,1.092985,1.093145,4184.749969519675,False
2024-01-09T22:00:00,1.09315,1.09315,1.092785,1.09286,8824.999955177307,False
2024-01-09T22:30:00,1.092845,1.09297,1.092845,1.09292,4771.499979130924,False
2024-01-09T23:00:00,1.092905,1.0932849999999998,1.0928749999999998,1.0932050000000002,1042.1999947801232,False
2024-01-09T23:30:00,1.093215,1.093215,1.09299,1.0931899999999999,1292.4899918437004,False
2024-01-10T00:00:00,1.093165,1.09365,1.0931600000000001,1.0936,4487.989986605942,False
2024-01-10T00:30:00,1.093595,1.0936,1.0929250000000001,1.0930849999999999,7857.599970109761,False
2024-01-10T01:00:00,1.09308,1.0930849999999999,1.0926200000000001,1.0928499999999999,6120.119932942092,False
2024-01-10T01:30:00,1.09284,1.09334,1.0928300000000002,1.093235,7584.829940751195,False
2024-01-10T02:00:00,1.09324,1.0935350000000001,1.0932,1.09333,7038.219933889806,False
2024-01-10T02:30:00,1.093325,1.0935899999999998,1.093175,1.093385,5202.299965776503,False
2024-01-10T03:00:00,1.0933899999999999,1.09361,1.0931549999999999,1.0934650000000001,5604.939952917397,False
2024-01-10T03:30:00,1.09347,1.09349,1.09279,1.092935,5807.339929789305,False
2024-01-10T04:00:00,1.09293,1.0931449999999998,1.092895,1.0931,2572.609982691705,False
2024-01-10T04:30:00,1.093105,1.0933000000000002,1.0930149999999998,1.093215,3652.4299672096968,False
2024-01-10T05:00:00,1.09322,1.093365,1.093055,1.093275,3730.4599674120545,False
2024-01-10T05:30:00,1.093255,1.09341,1.0930749999999998,1.0932499999999998,4120.909973785281,False
2024-01-10T06:00:00,1.093245,1.0933549999999999,1.092705,1.0931199999999999,6443.329973936081,False
2024-01-10T06:30:00,1.0931250000000001,1.0931549999999999,1.0923699999999998,1.09247,6593.21994766593,False
2024-01-10T07:00:00,1.0924749999999999,1.0934650000000001,1.0924649999999998,1.0933199999999998,11584.699902541935,False
2024-01-10T07:30:00,1.093305,1.094535,1.09259,1.0926200000000001,22651.99987090379,False
2024-01-10T08:00:00,1.09263,1.0942150000000002,1.09229,1.0940949999999998,21049.39989220351,False
2024-01-10T08:30:00,1.09409,1.094495,1.0936599999999999,1.09435,16425.979916527867,False
2024-01-10T09:00:00,1.0943399999999999,1.0949849999999999,1.09416,1.0947900000000002,13712.229923568666,False
2024-01-10T09:30:00,1.094785,1.095195,1.0945,1.094725,9930.449923798442,False
2024-01-10T10:00:00,1.0947149999999999,1.0954899999999999,1.094525,1.09532,12431.299919314682,False
2024-01-10T10:30:00,1.095335,1.095335,1.094725,1.09493,10542.219931691885,False
2024-01-10T11:00:00,1.094965,1.095545,1.09446,1.094475,9544.539943955839,False
2024-01-10T11:30:00,1.0944699999999998,1.0947200000000001,1.094175,1.0946,9406.429932557046,False
2024-01-10T12:00:00,1.094605,1.09505,1.094525,1.0948799999999999,7679.94995687902,False
2024-01-10T12:30:00,1.094885,1.09503,1.09432,1.094395,11580.569924034178,False
2024-01-10T13:00:00,1.09439,1.0952000000000002,1.094135,1.09463,14986.049897260964,False
2024-01-10T13:30:00,1.0946349999999998,1.094855,1.094055,1.09406,13736.249879196286,False
2024-01-10T14:00:00,1.094055,1.09416,1.09354,1.0938150000000002,12046.869931183755,False
2024-01-10T14:30:00,1.0938249999999998,1.0940349999999999,1.0932149999999998,1.0940050000000001,21418.679859161377,False
2024-01-10T15:00:00,1.0939999999999999,1.0948799999999999,1.093565,1.094725,21576.109878860414,False
2024-01-10T15:30:00,1.0947200000000001,1.0969099999999998,1.0947200000000001,1.09674,21487.44988837838,False
2024-01-10T16:00:00,1.0967500000000001,1.096905,1.095705,1.0959750000000001,15227.209915690124,False
2024-01-10T16:30:00,1.095965,1.0959750000000001,1.0952449999999998,1.0959050000000001,12319.109947048128,False
2024-01-10T17:00:00,1.09591,1.09668,1.0958299999999999,1.09661,13736.729991823435,False
2024-01-10T17:30:00,1.096615,1.09681,1.096435,1.09673,9129.069946981966,False
2024-01-10T18:00:00,1.096725,1.09695,1.09595,1.0968550000000001,10777.599951960146,False
2024-01-10T18:30:00,1.09686,1.096985,1.0965349999999998,1.096955,7475.509978041053,False
2024-01-10T19:00:00,1.0969600000000002,1.09708,1.0967349999999998,1.0969099999999998,7258.879986017942,False
2024-01-10T19:30:00,1.096925,1.0970900000000001,1.0967,1.09704,7032.139967173338,False
2024-01-10T20:00:00,1.097045,1.097285,1.0961850000000002,1.0963500000000002,16274.079891487956,False
2024-01-10T20:30:00,1.096345,1.096615,1.09616,1.096555,11945.199948087335,False
2024-01-10T21:00:00,1.0965449999999999,1.09701,1.09649,1.09697,5282.24998087436,False
2024-01-10T21:30:00,1.09697,1.097315,1.09695,1.097275,4123.739969827235,False
2024-01-10T22:00:00,1.09729,1.09729,1.09702,1.097175,11663.069938957691,False
2024-01-10T22:30:00,1.097185,1.097305,1.097065,1.097275,2294.4100104495883,False
2024-01-10T23:00:00,1.09727,1.09735,1.097115,1.0972849999999998,2064.9999878033996,False
2024-01-10T23:30:00,1.097295,1.09749,1.09727,1.0974149999999998,1823.3699923828244,False
2024-01-11T00:00:00,1.097435,1.0976249999999999,1.097315,1.097565,6925.439954534173,False
2024-01-11T00:30:00,1.09757,1.097885,1.097505,1.0977899999999998,14113.69987987727,False
2024-01-11T01:00:00,1.097795,1.09795,1.0975700000000002,1.097715,17690.139872819185,False
2024-01-11T01:30:00,1.0977100000000002,1.098025,1.09751,1.09789,9940.869907036424,False
2024-01-11T02:00:00,1.0978949999999998,1.09849,1.097775,1.0980249999999998,8196.429940909147,False
2024-01-11T02:30:00,1.09803,1.0981,1.097715,1.0978249999999998,6100.259956471622,False
2024-01-11T03:00:00,1.09782,1.097975,1.0977350000000001,1.0978750000000002,3552.3899791166186,False
2024-01-11T03:30:00,1.09788,1.0981299999999998,1.0978249999999998,1.0980400000000001,4034.48997053504,False
2024-01-11T04:00:00,1.0980349999999999,1.09829,1.097935,1.097985,4386.659971773624,False
2024-01-11T04:30:00,1.0979649999999999,1.09801,1.0977649999999999,1.097785,4351.749977052212,False
2024-01-11T05:00:00,1.0977649999999999,1.0981450000000001,1.09758,1.0979700000000001,7059.709945447743,False
2024-01-11T05:30:00,1.09796,1.09805,1.0978150000000002,1.097845,4534.889957360923,False
2024-01-11T06:00:00,1.09785,1.09844,1.0974599999999999,1.0983800000000001,4844.919985875487,False
2024-01-11T06:30:00,1.0983749999999999,1.098865,1.098315,1.098585,5580.27998355031,False
2024-01-11T07:00:00,1.09859,1.0986850000000001,1.0982500000000002,1.09828,7527.109970256686,False
2024-01-11T07:30:00,1.0982699999999999,1.0983049999999999,1.09774,1.09789,8748.109917871654,False
2024-01-11T08:00:00,1.097905,1.09806,1.09718,1.0980400000000001,17145.38993164152,False
2024-01-11T08:30:00,1.0980349999999999,1.0981450000000001,1.0972149999999998,1.0975199999999998,11848.16990903765,False
2024-01-11T09:00:00,1.09751,1.09753,1.096565,1.0967799999999999,12692.269918613136,False
2024-01-11T09:30:00,1.096775,1.0967799999999999,1.095895,1.0963850000000002,13614.27991631627,False
2024-01-11T10:00:00,1.09639,1.0968,1.0958649999999999,1.0965500000000001,13777.659930892289,False
2024-01-11T10:30:00,1.0965449999999999,1.096985,1.0962749999999999,1.096905,11873.429950885475,False
2024-01-11T11:00:00,1.0969,1.0982500000000002,1.096765,1.0980699999999999,20166.589965812862,False
2024-01-11T11:30:00,1.098095,1.09817,1.0977299999999999,1.097865,9269.33994729817,False
2024-01-11T12:00:00,1.09787,1.0980850000000002,1.09763,1.0978249999999998,8380.229938410223,False
2024-01-11T12:30:00,1.09783,1.099055,1.09782,1.0983800000000001,11485.339950039983,False
2024-01-11T13:00:00,1.098395,1.0990950000000002,1.09829,1.098805,20052.409924015403,False
2024-01-11T13:30:00,1.09878,1.1000100000000002,1.093565,1.09395,81767.9096814096,False
2024-01-11T14:00:00,1.093975,1.09641,1.0931549999999999,1.0957750000000002,47949.65984867513,False
2024-01-11T14:30:00,1.09578,1.097385,1.094535,1.095425,57325.37978862971,False
2024-01-11T15:00:00,1.09543,1.09543,1.093035,1.09475,45600.70984274894,False
2024-01-11T15:30:00,1.0947550000000001,1.096295,1.094185,1.0946449999999999,44390.849826037884,False
2024-01-11T16:00:00,1.094665,1.0954350000000002,1.09436,1.0947550000000001,34132.299905471504,False
2024-01-11T16:30:00,1.094745,1.0957400000000002,1.09367,1.094245,33486.98984581232,False
2024-01-11T17:00:00,1.09424,1.095345,1.0942349999999998,1.094595,28358.99992223084,False
2024-01-11T17:30:00,1.0945900000000002,1.095455,1.094155,1.09509,17586.16991776973,False
2024-01-11T18:00:00,1.09509,1.096055,1.0949900000000001,1.09572,18501.159921199083,False
2024-01-11T18:30:00,1.0957249999999998,1.096615,1.09545,1.096485,12709.299943111837,False
2024-01-11T19:00:00,1.09649,1.0980699999999999,1.09649,1.09787,16919.739918373525,False
2024-01-11T19:30:00,1.097885,1.0983049999999999,1.09747,1.098205,14589.969925612211,False
2024-01-11T20:00:00,1.09821,1.09826,1.095625,1.09607,17804.489917978644,False
2024-01-11T20:30:00,1.096075,1.09728,1.09582,1.0971449999999998,13686.149971015751,False
2024-01-11T21:00:00,1.0971549999999999,1.0974,1.097035,1.0972300000000001,6664.869944371283,False
2024-01-11T21:30:00,1.097225,1.097525,1.097185,1.0972149999999998,6900.459947049618,False
2024-01-11T22:00:00,1.097215,1.0974599999999999,1.09683,1.097385,1528.5599871575832,False
2024-01-11T22:30:00,1.097405,1.0974599999999999,1.097245,1.0972849999999998,4015.829968638718,False
2024-01-11T23:00:00,1.097295,1.09768,1.097075,1.09758,1959.509981289506,False
2024-01-11T23:30:00,1.097575,1.0982699999999999,1.09756,1.098255,4008.630004361272,False
2024-01-12T00:00:00,1.098245,1.098475,1.097915,1.0979450000000002,5255.269953042269,False
2024-01-12T00:30:00,1.09794,1.09795,1.0974249999999999,1.097575,7242.739922910929,False
2024-01-12T01:00:00,1.0975549999999998,1.09782,1.09727,1.09765,7064.539923541248,False
2024-01-12T01:30:00,1.097655,1.0984349999999998,1.097575,1.09828,8573.999931380153,False
2024-01-12T02:00:00,1.0982750000000001,1.0985399999999998,1.09803,1.09814,7595.919947296381,False
2024-01-12T02:30:00,1.098135,1.09823,1.09783,1.0979700000000001,7034.3799289390445,False
2024-01-12T03:00:00,1.097975,1.0982699999999999,1.0979700000000001,1.09819,2955.3399750441313,False
2024-01-12T03:30:00,1.098175,1.09829,1.0977199999999998,1.097775,2730.2399891391397,False
2024-01-12T04:00:00,1.09775,1.09775,1.097325,1.0974949999999999,3560.009987063706,False
2024-01-12T04:30:00,1.0975000000000001,1.097725,1.097385,1.0975700000000002,4945.8200010582805,False
2024-01-12T05:00:00,1.09758,1.098045,1.0975700000000002,1.09771,5322.449976205826,False
2024-01-12T05:30:00,1.097715,1.097725,1.0973799999999998,1.097565,5494.279956877232,False
2024-01-12T06:00:00,1.0975700000000002,1.09787,1.0973199999999999,1.09775,4419.079984359443,False
2024-01-12T06:30:00,1.09776,1.0977700000000001,1.097375,1.09753,4277.229975484312,False
2024-01-12T07:00:00,1.09754,1.09779,1.096575,1.0967600000000002,12732.519897796214,False
2024-01-12T07:30:00,1.09677,1.0969,1.096095,1.096685,15511.959922470152,False
2024-01-12T08:00:00,1.09668,1.0979299999999999,1.0965099999999999,1.09779,16193.659917518497,False
2024-01-12T08:30:00,1.09778,1.0982850000000002,1.09687,1.09751,15201.87989988923,False
2024-01-12T09:00:00,1.097515,1.097985,1.09683,1.097045,12437.679918050766,False
2024-01-12T09:30:00,1.09704,1.09704,1.096115,1.09626,13150.38990662247,False
2024-01-12T10:00:00,1.0962649999999998,1.096285,1.095685,1.09611,10991.619941562414,False
2024-01-12T10:30:00,1.096095,1.09641,1.095695,1.096005,11852.699956767261,False
2024-01-12T11:00:00,1.0960100000000002,1.0962100000000001,1.09516,1.0954000000000002,11612.249937169254,False
2024-01-12T11:30:00,1.095395,1.0955,1.094665,1.09497,14294.769942104816,False
2024-01-12T12:00:00,1.09496,1.09519,1.094155,1.09471,14565.299914345145,False
2024-01-12T12:30:00,1.0947149999999999,1.0949650000000002,1.09372,1.09378,13103.719917401671,False
2024-01-12T13:00:00,1.093785,1.0951149999999998,1.0936,1.09507,20169.04991684854,False
2024-01-12T13:30:00,1.09506,1.096965,1.094485,1.095535,52835.98971512914,False
2024-01-12T14:00:00,1.0955300000000001,1.09686,1.095275,1.0968049999999998,36632.299823500216,False
2024-01-12T14:30:00,1.0968149999999999,1.098495,1.0968049999999998,1.097575,34248.76979202032,False
2024-01-12T15:00:00,1.097565,1.0987,1.09715,1.09794,30853.779837444425,False
2024-01-12T15:30:00,1.097945,1.0983049999999999,1.0962450000000001,1.09663,27603.789877966046,False
2024-01-12T16:00:00,1.0966399999999998,1.0973899999999999,1.0965850000000001,1.097245,25007.169894896448,False
2024-01-12T16:30:00,1.09724,1.097305,1.09584,1.0958450000000002,20399.499924995005,False
2024-01-12T17:00:00,1.0958299999999999,1.09588,1.095015,1.095375,15483.719959102571,False
2024-01-12T17:30:00,1.095365,1.09539,1.09471,1.094965,12239.199949800968,False
2024-01-12T18:00:00,1.09497,1.09579,1.0949200000000001,1.09575,11847.069969654083,False
2024-01-12T18:30:00,1.095755,1.0959699999999999,1.095535,1.095955,8082.979956924915,False
2024-01-12T19:00:00,1.0959349999999999,1.096345,1.095895,1.09604,8442.759970359504,False
2024-01-12T19:30:00,1.09605,1.09613,1.09537,1.0956000000000001,8974.609947815537,False
2024-01-12T20:00:00,1.095605,1.09565,1.0952199999999999,1.09545,13153.44000056386,False
2024-01-12T20:30:00,1.09543,1.09557,1.095045,1.095135,7437.739968448877,False
2024-01-12T21:00:00,1.0951300000000002,1.0952799999999998,1.09491,1.094945,6460.219965942204,False
2024-01-12T21:30:00,1.0949499999999999,1.095155,1.094835,1.095075,6375.809944972396,False
2024-01-14T22:00:00,1.0951499999999998,1.09517,1.09456,1.094965,2435.919982135296,False
2024-01-14T22:30:00,1.09496,1.095065,1.0949200000000001,1.0950250000000001,1325.549999088049,False
2024-01-14T23:00:00,1.095005,1.0950199999999999,1.09459,1.0946799999999999,2314.1899732649326,False
2024-01-14T23:30:00,1.0946850000000001,1.094795,1.0944150000000001,1.094525,2552.519982352853,False
2024-01-15T00:00:00,1.0945200000000002,1.0947200000000001,1.0940850000000002,1.094605,8145.929959602654,False
2024-01-15T00:30:00,1.0946099999999999,1.095415,1.09455,1.0953499999999998,11645.309955865145,False
2024-01-15T01:00:00,1.095345,1.0955750000000002,1.0949550000000001,1.09498,7456.669959522784,False
2024-01-15T01:30:00,1.094975,1.09562,1.094975,1.095485,5626.10996299237,False
2024-01-15T02:00:00,1.095495,1.0964649999999998,1.095495,1.0962999999999998,5873.839964717627,False
2024-01-15T02:30:00,1.096295,1.09656,1.096165,1.096495,5259.279948964715,False
2024-01-15T03:00:00,1.0965150000000001,1.09676,1.096485,1.0965500000000001,4770.289972290397,False
2024-01-15T03:30:00,1.09657,1.0966550000000002,1.0963699999999998,1.096435,5193.499958857894,False
2024-01-15T04:00:00,1.09643,1.0964450000000001,1.09591,1.09592,3485.9799723103642,False
2024-01-15T04:30:00,1.095925,1.0962999999999998,1.09588,1.096295,2482.3399871215224,False
2024-01-15T05:00:00,1.0962999999999998,1.09639,1.09609,1.096285,3097.3499785140157,False
2024-01-15T05:30:00,1.09629,1.0966049999999998,1.0962299999999998,1.09641,4491.319957904518,False
2024-01-15T06:00:00,1.0964200000000002,1.09667,1.09626,1.09643,5452.369956284761,False
2024-01-15T06:30:00,1.096425,1.096625,1.09632,1.0964,5120.029954016209,False
2024-01-15T07:00:00,1.09638,1.096635,1.09578,1.0960299999999998,10432.749869048595,False
2024-01-15T07:30:00,1.096045,1.0962399999999999,1.09516,1.0953499999999998,11475.669909656048,False
2024-01-15T08:00:00,1.09536,1.0965150000000001,1.09536,1.0962450000000001,16347.099882379174,False
2024-01-15T08:30:00,1.0962399999999999,1.09629,1.095705,1.0958100000000002,13531.149895340204,False
2024-01-15T09:00:00,1.095815,1.095885,1.09514,1.09538,10931.319923110306,False
2024-01-15T09:30:00,1.09537,1.09559,1.0943049999999999,1.094675,13141.279927581549,False
2024-01-15T10:00:00,1.0946699999999998,1.0946799999999999,1.093355,1.093545,13989.299892403185,False
2024-01-15T10:30:00,1.0935549999999998,1.094205,1.0934300000000001,1.09401,12898.599934130907,False
2024-01-18T14:00:00,1.0852499999999998,1.0868950000000002,1.0851950000000001,1.086405,35662.81990774721,False
2024-01-18T14:30:00,1.086385,1.0868449999999998,1.08494,1.085955,52092.359773918986,False
2024-01-18T15:00:00,1.08596,1.0867200000000001,1.0853199999999998,1.0860699999999999,47562.93984982371,False
2024-01-18T15:30:00,1.08608,1.086815,1.08468,1.08522,33057.88989800215,False
2024-01-18T16:00:00,1.0852050000000002,1.086805,1.0850499999999998,1.086785,28607.119911931455,False
2024-01-18T16:30:00,1.0867900000000001,1.087015,1.086005,1.08619,17614.019899003208,False
2024-01-18T17:00:00,1.086185,1.086185,1.08502,1.0859,19266.419924400747,False
2024-01-18T17:30:00,1.085905,1.0864500000000001,1.0855700000000001,1.08597,9411.599958576262,False
2024-01-18T18:00:00,1.08592,1.0860400000000001,1.085435,1.085885,14966.449931956828,False
2024-01-18T18:30:00,1.08588,1.086595,1.0857450000000002,1.086385,12360.119961850345,False
2024-01-18T19:00:00,1.08637,1.08682,1.086245,1.08678,14166.699916362762,False
2024-01-18T19:30:00,1.0867749999999998,1.08692,1.086015,1.086185,11721.699900902808,False
2024-01-18T20:00:00,1.0861800000000001,1.0867149999999999,1.08608,1.086655,11620.689973659813,False
2024-01-18T20:30:00,1.08666,1.086945,1.08639,1.08691,12630.56997577846,False
2024-01-18T21:00:00,1.08691,1.087525,1.08685,1.087425,5095.149977952242,False
2024-01-18T21:30:00,1.08743,1.087745,1.0874199999999998,1.0876299999999999,5286.069968223572,False
2024-01-18T22:00:00,1.087645,1.0876450000000002,1.087215,1.087545,2656.327481739223,False
2024-01-18T22:30:00,1.087535,1.087645,1.087305,1.087405,4890.7899723351,False
2024-01-18T23:00:00,1.087415,1.087915,1.087415,1.087755,2362.8999884054065,False
2024-01-18T23:30:00,1.0877400000000002,1.08805,1.087485,1.0880100000000001,2619.6699956953526,False
2024-01-19T00:00:00,1.088015,1.088155,1.08778,1.0880800000000002,4181.689975365996,False
2024-01-19T00:30:00,1.088095,1.0881850000000002,1.08784,1.0879949999999998,6742.229973502457,False
2024-01-19T01:00:00,1.088,1.08816,1.087625,1.0880049999999999,8656.609972655773,False
2024-01-19T01:30:00,1.0880100000000001,1.08874,1.0880049999999999,1.088565,9145.169965483248,False
2024-01-19T02:00:00,1.0885600000000002,1.08888,1.08827,1.08886,7056.1399686113,False
2024-01-19T02:30:00,1.0888550000000001,1.08897,1.088665,1.0888200000000001,6538.189960621297,False
2024-01-19T03:00:00,1.088825,1.08894,1.088735,1.0887449999999999,5354.639966212213,False
2024-01-19T03:30:00,1.08875,1.08891,1.088555,1.088905,3564.9999794662,False
2024-01-19T04:00:00,1.08891,1.08895,1.088555,1.088645,3492.9399793744087,False
2024-01-19T04:30:00,1.08865,1.0888200000000001,1.08863,1.08866,2369.1999884545803,False
2024-01-19T05:00:00,1.088665,1.0887099999999998,1.08839,1.08845,4357.919963620603,False
2024-01-19T05:30:00,1.088445,1.08849,1.08796,1.088095,5425.379939801991,False
2024-01-19T06:00:00,1.0880999999999998,1.0881699999999999,1.08766,1.087745,6071.54994674772,False
2024-01-19T06:30:00,1.0877400000000002,1.0882399999999999,1.087555,1.08811,6677.939973630011,False
2024-01-19T07:00:00,1.0881150000000002,1.08829,1.087465,1.0878549999999998,12251.31992470473,False
2024-01-19T07:30:00,1.08786,1.088635,1.08779,1.08795,10362.519964672625,False
2024-01-19T08:00:00,1.087945,1.0881949999999998,1.087155,1.08725,12629.589951686561,False
2024-01-19T08:30:00,1.0872549999999999,1.0879500000000002,1.08682,1.0877249999999998,12083.299958869815,False
2024-01-19T09:00:00,1.08773,1.088465,1.0871499999999998,1.0884,16855.339960202575,False
2024-01-19T09:30:00,1.088405,1.088495,1.0875949999999999,1.0883,12900.93994911015,False
2024-01-19T10:00:00,1.0882800000000001,1.0885,1.08751,1.087535,12170.519928462803,False
2024-01-19T10:30:00,1.08753,1.08827,1.08731,1.088095,11774.69995829463,False
2024-01-19T11:00:00,1.0880999999999998,1.088975,1.08792,1.088905,8133.589955791831,False
2024-01-19T11:30:00,1.08891,1.089315,1.08853,1.0887449999999999,8261.56994958967,False
2024-01-19T12:00:00,1.08874,1.088805,1.08806,1.08833,8527.11994857341,False
2024-01-19T12:30:00,1.0883349999999998,1.08853,1.0880100000000001,1.08827,9751.359956800938,False
2024-01-19T13:00:00,1.08826,1.088875,1.088145,1.088505,13788.11992432177,False
2024-01-19T13:30:00,1.088495,1.08897,1.08755,1.08806,21486.279890693724,False
2024-01-19T14:00:00,1.08807,1.08838,1.08732,1.08737,17449.169893674552,False
2024-01-19T14:30:00,1.0873750000000002,1.088055,1.08657,1.088055,28616.679831527174,False
2024-01-19T15:00:00,1.08804,1.08902,1.0869849999999999,1.087805,38804.16976232082,False
2024-01-19T15:30:00,1.08779,1.0884399999999999,1.0872549999999999,1.088255,30517.549814760685,False
2024-01-19T16:00:00,1.08825,1.08874,1.088075,1.08865,19531.49990464002,False
2024-01-19T16:30:00,1.0886550000000002,1.088795,1.0881150000000002,1.088665,16354.989930063486,False
2024-01-19T17:00:00,1.08868,1.0890149999999998,1.088015,1.0889950000000002,12635.109909772873,False
2024-01-19T17:30:00,1.088985,1.08934,1.08845,1.08897,15629.309878371656,False
2024-01-19T18:00:00,1.08897,1.0896400000000002,1.0886,1.08935,9794.009950771928,False
2024-01-19T18:30:00,1.0893549999999999,1.0894,1.08891,1.08921,6744.179967299104,False
2024-01-19T19:00:00,1.08922,1.08948,1.0888499999999999,1.08895,8601.759955495596,False
2024-01-19T19:30:00,1.0889600000000002,1.089435,1.08881,1.089235,8493.539952091873,False
2024-01-19T20:00:00,1.089245,1.08954,1.089005,1.08918,8348.14995841682,False
2024-01-19T20:30:00,1.0892,1.0895899999999998,1.0891,1.089515,6791.779951281846,False
2024-01-19T21:00:00,1.0894949999999999,1.0896949999999999,1.0893899999999999,1.0895000000000001,8009.649967782199,False
2024-01-19T21:30:00,1.0894949999999999,1.0898599999999998,1.0894499999999998,1.08971,6701.41997025162,False
2024-01-21T22:00:00,1.08917,1.089615,1.08901,1.089425,726.849989593029,False
2024-01-21T22:30:00,1.08946,1.08954,1.088875,1.08931,5272.969959229231,False
2024-01-21T23:00:00,1.08925,1.0897800000000002,1.089095,1.089115,2981.0299751609564,False
2024-01-21T23:30:00,1.08911,1.089345,1.089065,1.0892149999999998,4935.709974847734,False
2024-01-22T00:00:00,1.08922,1.089645,1.0891350000000002,1.0892,5411.0999926403165,False
2024-01-22T00:30:00,1.0891950000000001,1.0901550000000002,1.089185,1.09012,6611.149953059852,False
2024-01-22T01:00:00,1.090125,1.09051,1.089885,1.09005,9991.449928924441,False
2024-01-22T01:30:00,1.0900349999999999,1.09048,1.08999,1.090195,6903.009969078004,False
2024-01-22T02:00:00,1.0901999999999998,1.090925,1.08997,1.090795,6300.309972934425,False
2024-01-22T02:30:00,1.0908,1.0908600000000002,1.090535,1.09073,4838.479970097542,False
2024-01-22T03:00:00,1.09074,1.09078,1.09036,1.0904150000000001,5059.209974527359,False
2024-01-22T03:30:00,1.09042,1.0906150000000001,1.0901399999999999,1.090205,5364.329978764057,False
2024-01-22T04:00:00,1.09022,1.0904699999999998,1.0901550000000002,1.0903550000000002,2772.649987898767,False
2024-01-22T04:30:00,1.09035,1.09035,1.0900949999999998,1.0903,4758.329976826906,False
2024-01-22T05:00:00,1.0903100000000001,1.0904699999999998,1.09001,1.09005,3959.919966571033,False
2024-01-22T05:30:00,1.0900349999999999,1.0903049999999999,1.0898599999999998,1.09016,5287.50997467339,False
2024-01-22T06:00:00,1.0901649999999998,1.09089,1.09015,1.090855,7226.929973430932,False
2024-01-22T06:30:00,1.09085,1.0909550000000001,1.090315,1.090495,7650.419984064996,False
2024-01-22T07:00:00,1.0904850000000001,1.0908099999999998,1.09012,1.09026,9923.299973785877,False
2024-01-22T07:30:00,1.090265,1.09044,1.0897350000000001,1.08978,10412.77994132787,False
2024-01-22T08:00:00,1.08976,1.09009,1.08907,1.089905,16496.619922339916,False
2024-01-22T08:30:00,1.0899,1.0899,1.08872,1.089185,16049.199938073754,False
2024-01-22T09:00:00,1.089175,1.09024,1.08899,1.08968,11954.459963269532,False
2024-01-22T09:30:00,1.0896849999999998,1.089955,1.089245,1.089705,9314.009952098131,False
2024-01-22T10:00:00,1.0897000000000001,1.089705,1.088895,1.088985,8317.789943188429,False
2024-01-22T10:30:00,1.0889799999999998,1.08921,1.0885950000000002,1.0886900000000002,8941.419942900538,False
2024-01-22T11:00:00,1.088685,1.08902,1.088165,1.0883699999999998,10156.959939680994,False
2024-01-22T11:30:00,1.08838,1.0890499999999999,1.088345,1.0889950000000002,9092.84996817261,False
2024-01-22T12:00:00,1.089,1.089845,1.0888200000000001,1.08968,10219.079951502383,False
2024-01-22T12:30:00,1.0896750000000002,1.08996,1.088955,1.0892650000000001,12423.909931734204,False
2024-01-22T13:00:00,1.089255,1.0894849999999998,1.088305,1.0888149999999999,16245.099913135171,False
2024-01-22T13:30:00,1.0888200000000001,1.089525,1.0880049999999999,1.0891700000000002,19162.779905959964,False
2024-01-22T14:00:00,1.08918,1.08921,1.08857,1.08914,14941.629930905998,False
2024-01-22T14:30:00,1.0891350000000002,1.089635,1.08854,1.0889799999999998,22211.839863583446,False
2024-01-22T15:00:00,1.08897,1.08982,1.0887,1.08949,9561.59993122518,False
2024-01-22T15:30:00,1.0894849999999998,1.089525,1.088255,1.08853,15271.979913078249,False
2024-01-22T16:00:00,1.08852,1.089235,1.088195,1.089095,12066.149966359138,False
2024-01-22T16:30:00,1.0891,1.08944,1.08868,1.0893950000000001,10885.739958554506,False
2024-01-22T17:00:00,1.0893899999999999,1.0897999999999999,1.0890749999999998,1.08979,8043.339970618486,False
2024-01-22T17:30:00,1.0898050000000001,1.0900050000000001,1.089635,1.08965,6283.509973473847,False
2024-01-22T18:00:00,1.089645,1.089645,1.0885500000000001,1.08859,8358.179941765964,False
2024-01-22T18:30:00,1.08857,1.089045,1.0884,1.089015,11605.389950163662,False
2024-01-22T19:00:00,1.08901,1.089115,1.08805,1.08805,7292.339978128672,False
2024-01-22T19:30:00,1.08804,1.088835,1.08804,1.0884800000000001,7325.709972456098,False
2024-01-22T20:00:00,1.0885,1.088555,1.088035,1.0883500000000002,6125.419953748584,False
2024-01-22T20:30:00,1.088355,1.0885250000000002,1.08816,1.088415,6307.489963829517,False
2024-01-22T21:00:00,1.0884200000000002,1.088495,1.0882299999999998,1.088235,3530.8999763429165,False
2024-01-22T21:30:00,1.08822,1.08834,1.088165,1.08826,2930.629973344505,False
2024-01-22T22:00:00,1.0882749999999999,1.0885099999999999,1.08813,1.088345,6320.199970126152,False
2024-01-22T22:30:00,1.0883500000000002,1.088395,1.08812,1.0881699999999999,8396.959971398115,False
2024-01-22T23:00:00,1.0881750000000001,1.088215,1.087945,1.088,3312.7399799600244,False
2024-01-22T23:30:00,1.0879949999999998,1.08807,1.087695,1.08773,2238.039986692369,False
2024-01-23T00:00:00,1.087765,1.087925,1.08758,1.08789,2896.5499825030565,False
2024-01-23T00:30:00,1.0878999999999999,1.0884049999999998,1.0878999999999999,1.08832,3246.1799942702055,False
2024-01-23T01:00:00,1.0883150000000001,1.0884049999999998,1.0878100000000002,1.087915,4649.769981361926,False
2024-01-23T01:30:00,1.087885,1.0888650000000002,1.087675,1.088845,8114.499963454902,False
2024-01-23T02:00:00,1.0888499999999999,1.08922,1.0884999999999998,1.0892,13632.489933088422,False
2024-01-23T02:30:00,1.0892050000000002,1.0894050000000002,1.0886749999999998,1.08874,6763.839977197349,False
2024-01-23T03:00:00,1.088755,1.089055,1.0885449999999999,1.088865,7818.929934605956,False
2024-01-23T03:30:00,1.08886,1.089505,1.08886,1.08929,6875.939959459007,False
2024-01-23T04:00:00,1.089295,1.08961,1.089175,1.08938,4219.719982385635,False
2024-01-23T04:30:00,1.089385,1.08988,1.08938,1.08985,4411.349977262318,False
2024-01-23T05:00:00,1.089855,1.09003,1.08969,1.0900249999999998,6359.6999648064375,False
2024-01-23T05:30:00,1.09003,1.0908,1.09003,1.090695,5530.39997471869,False
2024-01-23T06:00:00,1.0907,1.0908,1.09017,1.0907550000000001,9018.98995129019,False
2024-01-23T06:30:00,1.09076,1.091425,1.0905200000000002,1.091405,12992.649923220277,False
2024-01-23T07:00:00,1.09141,1.091625,1.0906099999999999,1.0909049999999998,15436.09990786016,False
2024-01-23T07:30:00,1.0909200000000001,1.0913249999999999,1.09039,1.09084,14060.049903824925,False
2024-01-23T08:00:00,1.090845,1.091065,1.09015,1.090385,15907.949917376041,False
2024-01-23T08:30:00,1.0903800000000001,1.0907550000000001,1.089255,1.089525,13530.899915978312,False
2024-01-23T09:00:00,1.0895199999999998,1.089525,1.08856,1.0892050000000002,15849.37990988046,False
2024-01-23T09:30:00,1.0892,1.0893549999999999,1.08838,1.088755,10650.249971985817,False
2024-01-23T10:00:00,1.0887449999999999,1.088835,1.088095,1.0884550000000002,11487.45995580405,False
2024-01-23T10:30:00,1.088445,1.088575,1.086745,1.0869550000000001,12319.099957048893,False
2024-01-23T11:00:00,1.08696,1.08721,1.08601,1.08636,17392.5899342224,False
2024-01-23T11:30:00,1.0863649999999998,1.08676,1.08621,1.086635,14447.539958804846,False
2024-01-23T12:00:00,1.0866449999999999,1.0873300000000001,1.08617,1.08622,11816.609950080514,False
2024-01-23T12:30:00,1.086215,1.086675,1.086045,1.086385,12083.639928944409,False
2024-01-23T13:00:00,1.086395,1.0871849999999998,1.086395,1.08711,15215.459930613637,False
2024-01-23T13:30:00,1.0871149999999998,1.0875949999999999,1.08677,1.08741,15444.419939368963,False
2024-01-23T14:00:00,1.0874000000000001,1.08741,1.086275,1.0864699999999998,15559.639931365848,False
2024-01-23T14:30:00,1.086465,1.086505,1.0848550000000001,1.085275,28521.319858931005,False
2024-01-23T15:00:00,1.085285,1.08583,1.08351,1.0838450000000002,25770.529894709587,False
2024-01-23T15:30:00,1.0838549999999998,1.0838800000000002,1.0821649999999998,1.0830899999999999,30979.339886948466,False
2024-01-23T16:00:00,1.083105,1.08396,1.0829,1.08382,21641.34993826598,False
2024-01-23T16:30:00,1.083825,1.0838299999999998,1.08257,1.082825,15103.309940822423,False
2024-01-23T17:00:00,1.082815,1.08358,1.0824449999999999,1.083485,12105.789962731302,False
2024-01-23T17:30:00,1.0834700000000002,1.083545,1.08247,1.0831499999999998,10568.64992468059,False
2024-01-23T18:00:00,1.083155,1.0839349999999999,1.08304,1.0838,14705.249943196774,False
2024-01-23T18:30:00,1.083805,1.0839400000000001,1.0834000000000001,1.08371,9035.709954179823,False
2024-01-23T19:00:00,1.0837249999999998,1.08411,1.08359,1.084035,7830.929968431592,False
2024-01-23T19:30:00,1.08406,1.0847799999999999,1.0840049999999999,1.0845250000000002,8384.189948037267,False
2024-01-23T20:00:00,1.08453,1.084915,1.0843699999999998,1.08448,4979.759978652,False
2024-01-23T20:30:00,1.08447,1.08502,1.08438,1.0849799999999998,6097.3499717488885,False
2024-01-23T21:00:00,1.08499,1.08548,1.08483,1.08534,2754.9499774202704,False
2024-01-23T21:30:00,1.0853350000000002,1.0856050000000002,1.0851600000000001,1.0854249999999999,3947.6299690157175,False
2024-01-23T22:00:00,1.08542,1.08542,1.0849,1.0854,5851.429997622967,False
2024-01-23T22:30:00,1.0854149999999998,1.085515,1.08513,1.0853350000000002,4568.30998442322,False
2024-01-23T23:00:00,1.08533,1.085905,1.08533,1.085855,1984.4199903309345,False
2024-01-23T23:30:00,1.0858599999999998,1.08594,1.0856050000000002,1.0857350000000001,1705.659979879856,False
2024-01-24T00:00:00,1.08574,1.0859999999999999,1.08558,1.0856,3342.119968369603,False
2024-01-24T00:30:00,1.08561,1.0858599999999998,1.0855299999999999,1.0856050000000002,5159.179958075285,False
2024-01-24T01:00:00,1.085595,1.08579,1.0851549999999999,1.0856949999999999,8704.079922109842,False
2024-01-24T01:30:00,1.0857,1.08595,1.085615,1.0858050000000001,10387.589909791946,False
2024-01-24T02:00:00,1.08581,1.085845,1.08534,1.0856949999999999,5821.609955757856,False
2024-01-24T02:30:00,1.0857,1.0857700000000001,1.08548,1.0857,4553.179978989065,False
2024-01-24T03:00:00,1.085705,1.0861049999999999,1.085665,1.086055,5357.719972528517,False
2024-01-24T03:30:00,1.0860349999999999,1.08615,1.08589,1.085905,6618.529961526394,False
2024-01-24T04:00:00,1.0859299999999998,1.08605,1.0858249999999998,1.085925,5068.739946164191,False
2024-01-24T04:30:00,1.085935,1.086615,1.0859299999999998,1.086455,6375.329950645566,False
2024-01-24T05:00:00,1.0864500000000001,1.086455,1.085935,1.0860750000000001,6005.1799333021045,False
2024-01-24T05:30:00,1.08608,1.0864349999999998,1.0860400000000001,1.08622,5774.429950654507,False
2024-01-24T06:00:00,1.086205,1.086475,1.0860850000000002,1.086455,6104.039934441447,False
2024-01-24T06:30:00,1.08644,1.086665,1.086245,1.08635,6591.839944764972,False
2024-01-24T07:00:00,1.086335,1.087015,1.0860400000000001,1.0869650000000002,10549.149928972125,False
2024-01-24T07:30:00,1.08696,1.087955,1.08696,1.087335,15778.769876435399,False
2024-01-24T08:00:00,1.08734,1.08795,1.08689,1.0873650000000001,24649.009790234268,False
2024-01-24T08:30:00,1.087395,1.08804,1.0862699999999998,1.0869900000000001,20100.969854734838,False
2024-01-24T09:00:00,1.0870199999999999,1.0892,1.086975,1.08879,19293.739903986454,False
2024-01-24T09:30:00,1.08881,1.09078,1.08881,1.0902850000000002,24553.599814221263,False
2024-01-24T10:00:00,1.09028,1.0904850000000001,1.089565,1.08968,14996.419886536896,False
2024-01-24T10:30:00,1.0896750000000002,1.09002,1.089325,1.08978,11578.299915641546,False
2024-01-24T11:00:00,1.089775,1.090065,1.0894,1.0896599999999999,12629.789938502014,False
2024-01-24T11:30:00,1.089655,1.09016,1.0891,1.08928,13190.409940175712,False
2024-01-24T12:00:00,1.089285,1.0895450000000002,1.08875,1.0887950000000002,13776.35993346572,False
2024-01-24T12:30:00,1.0888,1.089925,1.088765,1.089485,14082.409929409623,False
2024-01-24T13:00:00,1.08949,1.091355,1.089365,1.091205,24327.06990581751,False
2024-01-24T13:30:00,1.09123,1.0927250000000002,1.0908600000000002,1.092505,25248.949884034693,False
2024-01-24T14:00:00,1.092495,1.0931950000000001,1.0919150000000002,1.0931549999999999,18068.62989139557,False
2024-01-24T14:30:00,1.0931600000000001,1.09324,1.090175,1.0903399999999999,51441.61967859417,False
2024-01-24T15:00:00,1.0903450000000001,1.09077,1.0895899999999998,1.0906600000000002,51629.85982528329,False
2024-01-24T15:30:00,1.0906500000000001,1.090655,1.08933,1.09008,39224.91986307502,False
2024-01-24T16:00:00,1.0900850000000002,1.09048,1.08906,1.0902500000000002,34628.53986405581,False
2024-01-24T16:30:00,1.090265,1.090545,1.0894750000000002,1.09006,20305.11987170577,False
2024-01-24T17:00:00,1.0900400000000001,1.09024,1.08955,1.0902150000000002,11849.359916999936,False
2024-01-24T17:30:00,1.090205,1.090875,1.090115,1.090535,11050.059942789376,False
2024-01-24T18:00:00,1.09053,1.090605,1.08906,1.089515,17174.149856865406,False
2024-01-24T18:30:00,1.089505,1.0897700000000001,1.08904,1.08928,13704.72993093729,False
2024-01-24T19:00:00,1.0892650000000001,1.0893350000000002,1.08814,1.0886149999999999,14238.019937038422,False
2024-01-24T19:30:00,1.0886200000000001,1.0890499999999999,1.088395,1.08884,11767.039944447577,False
2024-01-24T20:00:00,1.088835,1.08906,1.088355,1.08846,12250.829900458455,False
2024-01-24T20:30:00,1.088445,1.088665,1.08792,1.0880049999999999,8986.80993579328,False
2024-01-24T21:00:00,1.087995,1.088195,1.0877750000000002,1.088195,3867.8624679520726,False
2024-01-24T21:30:00,1.0882,1.0885349999999998,1.08814,1.088495,2948.2399662211537,False
2024-01-24T22:00:00,1.08849,1.08864,1.088305,1.0885850000000001,2537.399992145598,False
2024-01-24T22:30:00,1.08859,1.08868,1.0884999999999998,1.088565,4034.109997846186,False
2024-01-24T23:00:00,1.088575,1.08866,1.08841,1.0884200000000002,2874.0899891108274,False
2024-01-24T23:30:00,1.088425,1.088425,1.08811,1.0881150000000002,1332.3299830257893,False
2024-01-25T00:00:00,1.08812,1.08814,1.087265,1.08738,5914.329945549369,False
2024-01-25T00:30:00,1.0873750000000002,1.0877,1.08723,1.08743,9596.669971898198,False
2024-01-25T01:00:00,1.08743,1.08743,1.087035,1.0872950000000001,10272.849910788238,False
2024-01-25T01:30:00,1.087275,1.087875,1.08723,1.0877599999999998,8582.189949736,False
2024-01-25T02:00:00,1.087785,1.0879500000000002,1.087535,1.0879349999999999,5289.989955328405,False
2024-01-25T02:30:00,1.0879249999999998,1.088,1.0875050000000002,1.08773,6700.959972195327,False
2024-01-25T03:00:00,1.087735,1.0881949999999998,1.087735,1.0879400000000001,5062.139979712665,False
2024-01-25T03:30:00,1.087955,1.0880049999999999,1.087745,1.08779,4967.389967784286,False
2024-01-25T04:00:00,1.087785,1.0881349999999999,1.087745,1.088035,2727.3899804875255,False
2024-01-25T04:30:00,1.08804,1.08804,1.08745,1.0875599999999999,3841.159967944026,False
2024-01-25T05:00:00,1.087555,1.0878100000000002,1.0874899999999998,1.087785,3754.49997548759,False
2024-01-25T05:30:00,1.08778,1.08789,1.08758,1.0878299999999999,4799.299980066717,False
2024-01-25T06:00:00,1.087835,1.088195,1.08758,1.088195,6517.439977936447,False
2024-01-25T06:30:00,1.08819,1.088665,1.0881699999999999,1.0886200000000001,5046.129975788295,False
2024-01-25T07:00:00,1.08861,1.08914,1.0885449999999999,1.08894,6990.57997213304,False
2024-01-25T07:30:00,1.0889600000000002,1.089045,1.08841,1.08879,9864.429939694703,False
2024-01-25T08:00:00,1.0887850000000001,1.0891799999999998,1.088295,1.089115,18607.339940480888,False
2024-01-25T08:30:00,1.08911,1.08997,1.089005,1.0899,14221.319946996868,False
2024-01-25T09:00:00,1.0898949999999998,1.0899800000000002,1.08926,1.089325,15389.279886074364,False
2024-01-25T09:30:00,1.08933,1.0899100000000002,1.089185,1.089595,15057.259903103113,False
2024-01-25T10:00:00,1.0895899999999998,1.089885,1.08928,1.0895299999999999,15328.94994378835,False
2024-01-25T10:30:00,1.0895350000000001,1.0898050000000001,1.0892,1.0893000000000002,11219.129943355918,False
2024-01-25T11:00:00,1.08931,1.0893899999999999,1.08881,1.08887,8787.909920245409,False
2024-01-25T11:30:00,1.0888749999999998,1.089525,1.0886749999999998,1.0894949999999999,9996.949967123568,False
2024-01-25T12:00:00,1.0895000000000001,1.089575,1.088605,1.0888499999999999,11486.779963292181,False
2024-01-25T12:30:00,1.0888550000000001,1.089505,1.08857,1.088825,10227.029969267547,False
2024-01-25T13:00:00,1.08883,1.0901999999999998,1.08845,1.08899,23492.519834548235,False
2024-01-25T13:30:00,1.088975,1.0900050000000001,1.08669,1.0879400000000001,80362.55965090543,False
2024-01-25T14:00:00,1.0879349999999999,1.0879349999999999,1.08551,1.0867550000000001,61372.68984809518,False
2024-01-25T14:30:00,1.0867550000000001,1.0867550000000001,1.08531,1.086025,38094.12989708781,False
2024-01-25T15:00:00,1.08602,1.0861450000000001,1.0837599999999998,1.0844200000000002,41724.01978112012,False
2024-01-25T15:30:00,1.08443,1.08457,1.082935,1.08318,31633.969846263528,False
2024-01-25T16:00:00,1.08317,1.0839699999999999,1.082425,1.08364,23290.18987991661,False
2024-01-25T16:30:00,1.0836549999999998,1.08382,1.0833650000000001,1.0836350000000001,17075.92993877828,False
2024-01-25T17:00:00,1.0836450000000002,1.08521,1.083265,1.084445,19863.429869130254,False
2024-01-25T17:30:00,1.0844399999999998,1.084485,1.0831300000000001,1.083765,13828.479892320931,False
2024-01-25T18:00:00,1.08377,1.08468,1.08346,1.08411,20107.009838297963,False
2024-01-25T18:30:00,1.0840999999999998,1.0841349999999998,1.08301,1.0830250000000001,12623.559930182993,False
2024-01-25T19:00:00,1.0830199999999999,1.083125,1.08217,1.0828,14309.389860905707,False
2024-01-25T19:30:00,1.082795,1.083765,1.0826850000000001,1.0836000000000001,12226.689904108644,False
2024-01-25T20:00:00,1.0835949999999999,1.08377,1.08335,1.0833949999999999,6349.839956335723,False
2024-01-25T20:30:00,1.08341,1.08405,1.08337,1.08398,11183.329956941307,False
2024-01-25T21:00:00,1.083985,1.0844900000000002,1.083915,1.08443,3718.6599749922752,False
2024-01-25T21:30:00,1.084425,1.0848200000000001,1.0844200000000002,1.08464,3500.1499780118465,False
2024-01-25T22:00:00,1.0845850000000001,1.084775,1.0844049999999998,1.0846749999999998,1597.8899809867144,False
2024-01-25T22:30:00,1.08467,1.0848149999999999,1.084595,1.0846900000000002,6664.379979133606,False
2024-01-25T23:00:00,1.084665,1.084755,1.084295,1.0845600000000002,2597.9899923056364,False
2024-01-25T23:30:00,1.084535,1.084765,1.0843150000000001,1.084555,2729.8699871748686,False
2024-01-26T00:00:00,1.084565,1.0845950000000002,1.083835,1.08385,5271.579940997064,False
2024-01-26T00:30:00,1.0838450000000002,1.08446,1.08375,1.0839949999999998,5831.1699342653155,False
2024-01-26T01:00:00,1.084,1.084555,1.0839249999999998,1.084445,6609.599934659898,False
2024-01-26T01:30:00,1.084435,1.0846749999999998,1.084295,1.084445,6497.219925023615,False
2024-01-26T02:00:00,1.08445,1.0849000000000002,1.084395,1.0848049999999998,4494.909966804087,False
2024-01-26T02:30:00,1.0848,1.0848499999999999,1.0844,1.084425,6624.6199471578,False
2024-01-26T03:00:00,1.0844200000000002,1.0847600000000002,1.084415,1.084505,4978.669979803264,False
2024-01-26T03:30:00,1.0845,1.084625,1.084405,1.0845,2595.099985986948,False
2024-01-26T04:00:00,1.084505,1.084505,1.0841699999999999,1.084345,2516.719981893897,False
2024-01-26T04:30:00,1.0843500000000001,1.084365,1.083805,1.083965,3632.919972449541,False
2024-01-26T05:00:00,1.08396,1.084105,1.08385,1.084,3641.449958987534,False
2024-01-26T05:30:00,1.0840049999999999,1.08439,1.08389,1.08426,7601.1499190330505,False
2024-01-26T06:00:00,1.084255,1.0842900000000002,1.08358,1.08384,5543.689953178167,False
2024-01-26T06:30:00,1.083835,1.083835,1.0828600000000002,1.082945,8326.569923050702,False
2024-01-26T07:00:00,1.082935,1.0830449999999998,1.0815299999999999,1.081665,14018.169884122908,False
2024-01-26T07:30:00,1.0816599999999998,1.08216,1.081295,1.08196,24936.439906209707,False
2024-01-26T08:00:00,1.08195,1.0829499999999999,1.0817450000000002,1.0827650000000002,27687.68988222629,False
2024-01-26T08:30:00,1.08277,1.084215,1.0827049999999998,1.084035,16853.61992753297,False
2024-01-26T09:00:00,1.08404,1.0847799999999999,1.083415,1.083835,23682.739844962955,False
2024-01-26T09:30:00,1.08385,1.0850650000000002,1.08379,1.0844200000000002,19438.87991157174,False
2024-01-26T10:00:00,1.084435,1.08617,1.08443,1.086115,12240.029918834567,False
2024-01-26T10:30:00,1.08612,1.0866349999999998,1.08582,1.0864850000000001,10480.5899399966,False
2024-01-26T11:00:00,1.086495,1.087615,1.0864349999999998,1.0873750000000002,16053.609917290509,False
2024-01-26T11:30:00,1.0873599999999999,1.0874700000000002,1.086855,1.08746,11552.049919441342,False
2024-01-26T12:00:00,1.087465,1.0875849999999998,1.0870549999999999,1.0870600000000001,9954.67994544655,False
2024-01-26T12:30:00,1.08704,1.0874000000000001,1.08657,1.08674,10446.029932953417,False
2024-01-26T13:00:00,1.0867499999999999,1.08784,1.0865550000000002,1.087445,19042.139908909798,False
2024-01-26T13:30:00,1.08746,1.08859,1.0856400000000002,1.087205,48344.40976025164,False
2024-01-26T14:00:00,1.087195,1.0880299999999998,1.0864,1.08642,30899.28988467157,False
2024-01-26T14:30:00,1.08643,1.08743,1.0861,1.087405,33028.779864147305,False
2024-01-26T15:00:00,1.087395,1.087405,1.08551,1.0857299999999999,30244.899833887815,False
2024-01-26T15:30:00,1.085685,1.08664,1.08558,1.0864150000000001,19046.979910314083,False
2024-01-26T16:00:00,1.0864099999999999,1.0868600000000002,1.0859,1.08664,15023.439935579896,False
2024-01-26T16:30:00,1.086625,1.086945,1.086175,1.0865,12161.34993094951,False
2024-01-26T17:00:00,1.086495,1.0870549999999999,1.0862150000000002,1.0865,12439.009936265647,False
2024-01-26T17:30:00,1.08649,1.08649,1.08592,1.0863749999999999,9189.749954804778,False
2024-01-26T18:00:00,1.08637,1.086595,1.086125,1.0863450000000001,7635.5899723395705,False
2024-01-26T18:30:00,1.08636,1.0863800000000001,1.0853899999999999,1.085575,7511.769961938262,False
2024-01-26T19:00:00,1.0855700000000001,1.08599,1.0855299999999999,1.08569,5869.009984463453,False
2024-01-26T19:30:00,1.085705,1.08617,1.0856249999999998,1.0858249999999998,6741.079958640039,False
2024-01-26T20:00:00,1.0858349999999999,1.08623,1.0857299999999999,1.085925,5233.089970991015,False
2024-01-26T20:30:00,1.0859299999999998,1.0859800000000002,1.08533,1.0854599999999999,3813.809978619218,False
2024-01-26T21:00:00,1.08545,1.08569,1.085365,1.08547,4959.549994178116,False
2024-01-26T21:30:00,1.0854650000000001,1.085725,1.08523,1.085345,6935.159981407225,False
2024-01-29T12:00:00,1.0823,1.08327,1.08222,1.0832549999999999,10298.179949074984,False
2024-01-29T12:30:00,1.083235,1.08369,1.0820400000000001,1.082205,12832.929921500385,False
2024-01-29T13:00:00,1.08221,1.0823399999999999,1.0813899999999999,1.0821399999999999,14119.319922812283,False
2024-01-29T13:30:00,1.08215,1.0824449999999999,1.08183,1.082045,18479.619906276464,False
2024-01-29T14:00:00,1.08202,1.0822699999999998,1.080895,1.080915,17287.959899440408,False
2024-01-29T14:30:00,1.08091,1.0810650000000002,1.080425,1.0807099999999998,16689.039909251034,False
2024-01-29T15:00:00,1.0807,1.08107,1.07982,1.080145,14003.859923064709,False
2024-01-29T15:30:00,1.0801500000000002,1.0805250000000002,1.079625,1.079735,22958.60991371423,False
2024-01-29T16:00:00,1.079745,1.0808849999999999,1.07959,1.0807449999999998,16620.479922160506,False
2024-01-29T16:30:00,1.08077,1.08079,1.08016,1.0806,8718.209941506386,False
2024-01-29T17:00:00,1.0805950000000002,1.08161,1.080565,1.08151,10204.799961075187,False
2024-01-29T17:30:00,1.0815299999999999,1.08161,1.08117,1.08117,6564.179971650243,False
2024-01-29T18:00:00,1.081175,1.081255,1.08094,1.081185,7557.839937500656,False
2024-01-29T18:30:00,1.0811950000000001,1.081325,1.080985,1.0811549999999999,4705.309970073402,False
2024-01-29T19:00:00,1.08115,1.08179,1.081,1.0817700000000001,7360.029953256249,False
2024-01-29T19:30:00,1.08176,1.0819999999999999,1.08169,1.0819,5499.69998229295,False
2024-01-29T20:00:00,1.081905,1.08406,1.081905,1.083675,19022.289911083877,False
2024-01-29T20:30:00,1.083685,1.0837949999999998,1.0829149999999998,1.0831300000000001,12274.889905877411,False
2024-01-29T21:00:00,1.08312,1.0833750000000002,1.0826850000000001,1.0833300000000001,4339.159968301654,False
2024-01-29T21:30:00,1.083335,1.083495,1.0832350000000002,1.083305,3219.119975067675,False
2024-01-29T22:00:00,1.0833249999999999,1.0834199999999998,1.08328,1.0833,692.8099935054779,False
2024-01-29T22:30:00,1.08331,1.083385,1.083065,1.0833650000000001,6671.2799903303385,False
2024-01-29T23:00:00,1.083375,1.08369,1.083375,1.08365,1305.2799861356616,False
2024-01-29T23:30:00,1.08366,1.083695,1.08335,1.08338,3837.889963373542,False
2024-01-30T00:00:00,1.0833750000000002,1.083835,1.0833750000000002,1.08377,5154.849937163293,False
2024-01-30T00:30:00,1.083775,1.08423,1.0835849999999998,1.084095,7428.799943186343,False
2024-01-30T01:00:00,1.0840800000000002,1.0840800000000002,1.08328,1.0835750000000002,8625.57992823422,False
2024-01-30T01:30:00,1.0835400000000002,1.083765,1.0832549999999999,1.0835,7150.989947400987,False
2024-01-30T02:00:00,1.0834899999999998,1.0835,1.083005,1.08305,5975.869937106967,False
2024-01-30T02:30:00,1.0830549999999999,1.0836100000000002,1.083015,1.08341,4803.919958755374,False
2024-01-30T03:00:00,1.083405,1.08345,1.0831,1.083205,2774.5599842965603,False
2024-01-30T03:30:00,1.08321,1.083425,1.0830350000000002,1.083065,3279.069977775216,False
2024-01-30T04:00:00,1.08308,1.0833599999999999,1.08305,1.08331,3190.1699776649475,False
2024-01-30T04:30:00,1.0833149999999998,1.083355,1.0824250000000002,1.0825399999999998,5698.209940306842,False
2024-01-30T05:00:00,1.0825200000000001,1.08291,1.0823399999999999,1.0826950000000002,4894.619962908328,False
2024-01-30T05:30:00,1.0827200000000001,1.0828600000000002,1.08219,1.082255,5430.879955820739,False
2024-01-30T06:00:00,1.08226,1.0826,1.0820750000000001,1.0820750000000001,7272.549926586449,False
2024-01-30T06:30:00,1.0820699999999999,1.0823049999999999,1.0814050000000002,1.081515,9767.34991376102,False
2024-01-30T07:00:00,1.0814949999999999,1.0818599999999998,1.0812,1.0813899999999999,12752.219930067658,False
2024-01-30T07:30:00,1.081395,1.082425,1.0813000000000001,1.08229,16875.779915638268,False
2024-01-30T08:00:00,1.082295,1.0832199999999998,1.08188,1.08199,29427.36983822286,False
2024-01-30T08:30:00,1.081985,1.082745,1.081635,1.08221,19264.759914830327,False
2024-01-30T09:00:00,1.082205,1.0824150000000001,1.081785,1.0821049999999999,14889.57991835475,False
2024-01-30T09:30:00,1.0821,1.08294,1.0820699999999999,1.08271,12150.679935745895,False
2024-01-30T10:00:00,1.0827,1.08308,1.082315,1.08289,14364.239922605455,False
2024-01-30T10:30:00,1.082885,1.084055,1.082805,1.0838299999999998,12650.09992672503,False
2024-01-30T11:00:00,1.083855,1.08454,1.08372,1.084355,11054.829936653376,False
2024-01-30T11:30:00,1.0843500000000001,1.0848149999999999,1.08393,1.084195,8071.279965445399,False
2024-01-30T12:00:00,1.08419,1.084445,1.0837750000000002,1.0843850000000002,8072.149940676987,False
2024-01-30T12:30:00,1.08439,1.085,1.0836700000000001,1.084775,11206.359933622181,False
2024-01-30T13:00:00,1.08477,1.0848550000000001,1.083825,1.08412,22113.499876901507,False
2024-01-30T13:30:00,1.08413,1.08454,1.083415,1.083465,28060.119850963354,False
2024-01-30T14:00:00,1.0834700000000002,1.085145,1.082965,1.085035,21212.00987339765,False
2024-01-30T14:30:00,1.085045,1.0857350000000001,1.084575,1.085045,25194.209890320897,False
2024-01-30T15:00:00,1.08504,1.085635,1.08282,1.083815,45641.65973248333,False
2024-01-30T15:30:00,1.0838,1.0844,1.083195,1.0836999999999999,26392.349890738726,False
2024-01-30T16:00:00,1.08369,1.08416,1.083445,1.08393,18592.739883556962,False
2024-01-30T16:30:00,1.083945,1.084425,1.0838450000000002,1.0843150000000001,14545.039905063808,False
2024-01-30T17:00:00,1.0843099999999999,1.08473,1.084145,1.084305,10906.20994963497,False
2024-01-30T17:30:00,1.0843,1.084345,1.0836899999999998,1.0838999999999999,7597.3999229595065,False
2024-01-30T18:00:00,1.083885,1.083885,1.0831650000000002,1.083515,7500.729941703379,False
2024-01-30T18:30:00,1.0835249999999998,1.083755,1.083445,1.08359,6366.239960417151,False
2024-01-30T19:00:00,1.083575,1.08418,1.08357,1.08418,5454.169974818826,False
2024-01-30T19:30:00,1.084175,1.084715,1.084165,1.0846049999999998,7767.069958910346,False
2024-01-30T20:00:00,1.0846149999999999,1.0848650000000002,1.0843150000000001,1.084355,7546.029962994158,False
2024-01-30T20:30:00,1.0843500000000001,1.08452,1.084095,1.08447,6192.219953432679,False
2024-01-30T21:00:00,1.08448,1.0846900000000002,1.08427,1.0846,3870.7499680668116,False
2024-01-30T21:30:00,1.08461,1.0847099999999998,1.0845099999999999,1.084555,3842.979960680008,False
2024-01-30T22:00:00,1.0845500000000001,1.08459,1.084,1.08434,2446.8199862241745,False
2024-01-30T22:30:00,1.084305,1.08446,1.0842399999999999,1.0843500000000001,6171.699954554439,False
2024-01-30T23:00:00,1.084365,1.084495,1.084325,1.0843850000000002,1497.8099896758795,False
2024-01-30T23:30:00,1.0843699999999998,1.084495,1.0842800000000001,1.084295,1989.11999040097,False
2024-01-31T00:00:00,1.0843,1.0848200000000001,1.08429,1.0845349999999998,4555.199968792498,False
2024-01-31T00:30:00,1.0845150000000001,1.08465,1.08413,1.08429,8038.279931284487,False
